status,id,severity,severityCode,state,code,title,message,file,method,owner,taxonomyName,dateOriginated,line,url,issueIds
Not a Problem,101,Critical,1,Existing,ABV.GENERAL,Buffer Overflow - Array Index Out of Bounds,Array 'Flags' of size 1 may use index value(s) 1..2047,C:\jenkins\workspace\HSPI\Src\THCBase\IntelTHCBase\x64\Release\Hal.tmh,WPP_RECORDER_SF_iii,unowned,C and C++,1595636713037,23923,"https://klocwork-jf7.devtools.intel.com:8105/review/insight-review.html#issuedetails_goto:problemid=101,project=HSPI_Driver,searchquery=",[61]
Not a Problem,103,Critical,1,Existing,ABV.GENERAL,Buffer Overflow - Array Index Out of Bounds,Array 'Flags' of size 1 may use index value(s) 1..2047,C:\jenkins\workspace\HSPI\Src\THCBase\IntelTHCBase\x64\Release\ThcHid.tmh,WPP_RECORDER_SF_qqd,unowned,C and C++,1595636713037,10787,"https://klocwork-jf7.devtools.intel.com:8105/review/insight-review.html#issuedetails_goto:problemid=103,project=HSPI_Driver,searchquery=",[92]
Not a Problem,104,Critical,1,Existing,ABV.GENERAL,Buffer Overflow - Array Index Out of Bounds,Array 'Flags' of size 1 may use index value(s) 1..2047,C:\jenkins\workspace\HSPI\Src\THCBase\IntelTHCBase\x64\Release\Hal.tmh,WPP_RECORDER_SF_iDD,unowned,C and C++,1595636713037,23759,"https://klocwork-jf7.devtools.intel.com:8105/review/insight-review.html#issuedetails_goto:problemid=104,project=HSPI_Driver,searchquery=",[59]
Not a Problem,105,Critical,1,Existing,ABV.GENERAL,Buffer Overflow - Array Index Out of Bounds,Array 'Flags' of size 1 may use index value(s) 1..2047,C:\jenkins\workspace\HSPI\Src\THCBase\IntelTHCBase\x64\Release\Dma.tmh,WPP_RECORDER_SF_,unowned,C and C++,1595636713037,12821,"https://klocwork-jf7.devtools.intel.com:8105/review/insight-review.html#issuedetails_goto:problemid=105,project=HSPI_Driver,searchquery=",[12]
Not a Problem,107,Critical,1,Existing,ABV.GENERAL,Buffer Overflow - Array Index Out of Bounds,Array 'Flags' of size 1 may use index value(s) 1..2047,C:\jenkins\workspace\HSPI\Src\THCBase\IntelTHCBase\x64\Release\Filter.tmh,WPP_RECORDER_SF_qd,unowned,C and C++,1595636713037,3749,"https://klocwork-jf7.devtools.intel.com:8105/review/insight-review.html#issuedetails_goto:problemid=107,project=HSPI_Driver,searchquery=",[45]
Not a Problem,108,Critical,1,Existing,ABV.GENERAL,Buffer Overflow - Array Index Out of Bounds,Array 'Flags' of size 1 may use index value(s) 1..2047,C:\jenkins\workspace\HSPI\Src\THCBase\IntelTHCBase\x64\Release\Hal.tmh,WPP_RECORDER_SF_Dd,unowned,C and C++,1595636713037,23185,"https://klocwork-jf7.devtools.intel.com:8105/review/insight-review.html#issuedetails_goto:problemid=108,project=HSPI_Driver,searchquery=",[52]
Not a Problem,110,Critical,1,Existing,ABV.GENERAL,Buffer Overflow - Array Index Out of Bounds,Array 'Flags' of size 1 may use index value(s) 1..2047,C:\jenkins\workspace\HSPI\Src\THCBase\IntelTHCBase\x64\Release\ThcHid.tmh,WPP_RECORDER_SF_D,unowned,C and C++,1595636713037,9475,"https://klocwork-jf7.devtools.intel.com:8105/review/insight-review.html#issuedetails_goto:problemid=110,project=HSPI_Driver,searchquery=",[76]
Not a Problem,111,Critical,1,Existing,ABV.GENERAL,Buffer Overflow - Array Index Out of Bounds,Array 'Flags' of size 1 may use index value(s) 1..2047,C:\jenkins\workspace\HSPI\Src\THCBase\IntelTHCBase\x64\Release\Queue.tmh,WPP_RECORDER_SF_sd,unowned,C and C++,1595636713037,5259,"https://klocwork-jf7.devtools.intel.com:8105/review/insight-review.html#issuedetails_goto:problemid=111,project=HSPI_Driver,searchquery=",[74]
Not a Problem,113,Critical,1,Existing,ABV.GENERAL,Buffer Overflow - Array Index Out of Bounds,Array 'Flags' of size 1 may use index value(s) 1..2047,C:\jenkins\workspace\HSPI\Src\THCBase\IntelTHCBase\x64\Release\ThcHid.tmh,WPP_RECORDER_SF_iq,unowned,C and C++,1595636713037,10295,"https://klocwork-jf7.devtools.intel.com:8105/review/insight-review.html#issuedetails_goto:problemid=113,project=HSPI_Driver,searchquery=",[86]
Not a Problem,114,Critical,1,Existing,ABV.GENERAL,Buffer Overflow - Array Index Out of Bounds,Array 'Flags' of size 1 may use index value(s) 1..2047,C:\jenkins\workspace\HSPI\Src\THCBase\IntelTHCBase\x64\Release\Device.tmh,WPP_RECORDER_SF_D,unowned,C and C++,1595636713037,10932,"https://klocwork-jf7.devtools.intel.com:8105/review/insight-review.html#issuedetails_goto:problemid=114,project=HSPI_Driver,searchquery=",[3]
Not a Problem,115,Critical,1,Existing,ABV.GENERAL,Buffer Overflow - Array Index Out of Bounds,Array 'Flags' of size 1 may use index value(s) 1..2047,C:\jenkins\workspace\HSPI\Src\THCBase\IntelTHCBase\x64\Release\Device.tmh,WPP_RECORDER_SF_d,unowned,C and C++,1595636713037,11096,"https://klocwork-jf7.devtools.intel.com:8105/review/insight-review.html#issuedetails_goto:problemid=115,project=HSPI_Driver,searchquery=",[5]
Not a Problem,116,Critical,1,Existing,ABV.GENERAL,Buffer Overflow - Array Index Out of Bounds,Array 'Flags' of size 1 may use index value(s) 1..2047,C:\jenkins\workspace\HSPI\Src\THCBase\IntelTHCBase\x64\Release\ThcHid.tmh,WPP_RECORDER_SF_iS,unowned,C and C++,1595636713037,10213,"https://klocwork-jf7.devtools.intel.com:8105/review/insight-review.html#issuedetails_goto:problemid=116,project=HSPI_Driver,searchquery=",[85]
Not a Problem,117,Critical,1,Existing,ABV.GENERAL,Buffer Overflow - Array Index Out of Bounds,Array 'Flags' of size 1 may use index value(s) 1..2047,C:\jenkins\workspace\HSPI\Src\THCBase\IntelTHCBase\x64\Release\Device.tmh,WPP_RECORDER_SF_sd,unowned,C and C++,1595636713037,11670,"https://klocwork-jf7.devtools.intel.com:8105/review/insight-review.html#issuedetails_goto:problemid=117,project=HSPI_Driver,searchquery=",[10]
Not a Problem,118,Critical,1,Existing,ABV.GENERAL,Buffer Overflow - Array Index Out of Bounds,Array 'Flags' of size 1 may use index value(s) 1..2047,C:\jenkins\workspace\HSPI\Src\THCBase\IntelTHCBase\x64\Release\Hal.tmh,WPP_RECORDER_SF_d,unowned,C and C++,1595636713037,23431,"https://klocwork-jf7.devtools.intel.com:8105/review/insight-review.html#issuedetails_goto:problemid=118,project=HSPI_Driver,searchquery=",[55]
Not a Problem,119,Critical,1,Existing,ABV.GENERAL,Buffer Overflow - Array Index Out of Bounds,Array 'Flags' of size 1 may use index value(s) 1..2047,C:\jenkins\workspace\HSPI\Src\THCBase\IntelTHCBase\x64\Release\ThcHid.tmh,WPP_RECORDER_SF_qid,unowned,C and C++,1595636713037,10623,"https://klocwork-jf7.devtools.intel.com:8105/review/insight-review.html#issuedetails_goto:problemid=119,project=HSPI_Driver,searchquery=",[90]
Not a Problem,120,Critical,1,Existing,ABV.GENERAL,Buffer Overflow - Array Index Out of Bounds,Array 'Flags' of size 1 may use index value(s) 1..2047,C:\jenkins\workspace\HSPI\Src\THCBase\IntelTHCBase\x64\Release\ThcHid.tmh,WPP_RECORDER_SF_dq,unowned,C and C++,1595636713037,9967,"https://klocwork-jf7.devtools.intel.com:8105/review/insight-review.html#issuedetails_goto:problemid=120,project=HSPI_Driver,searchquery=",[82]
Not a Problem,121,Critical,1,Existing,ABV.GENERAL,Buffer Overflow - Array Index Out of Bounds,Array 'Flags' of size 1 may use index value(s) 1..2047,C:\jenkins\workspace\HSPI\Src\THCBase\IntelTHCBase\x64\Release\Utils.tmh,WPP_RECORDER_SF_d,unowned,C and C++,1595636713037,2457,"https://klocwork-jf7.devtools.intel.com:8105/review/insight-review.html#issuedetails_goto:problemid=121,project=HSPI_Driver,searchquery=",[97]
Not a Problem,122,Critical,1,Existing,ABV.GENERAL,Buffer Overflow - Array Index Out of Bounds,Array 'Flags' of size 1 may use index value(s) 1..2047,C:\jenkins\workspace\HSPI\Src\THCBase\IntelTHCBase\x64\Release\Utils.tmh,WPP_RECORDER_SF_DDDD,unowned,C and C++,1595636713037,2293,"https://klocwork-jf7.devtools.intel.com:8105/review/insight-review.html#issuedetails_goto:problemid=122,project=HSPI_Driver,searchquery=",[95]
Not a Problem,123,Critical,1,Existing,ABV.GENERAL,Buffer Overflow - Array Index Out of Bounds,Array 'Flags' of size 1 may use index value(s) 1..2047,C:\jenkins\workspace\HSPI\Src\THCBase\IntelTHCBase\x64\Release\Queue.tmh,WPP_RECORDER_SF_d,unowned,C and C++,1595636713037,4439,"https://klocwork-jf7.devtools.intel.com:8105/review/insight-review.html#issuedetails_goto:problemid=123,project=HSPI_Driver,searchquery=",[68]
Not a Problem,124,Critical,1,Existing,ABV.GENERAL,Buffer Overflow - Array Index Out of Bounds,Array 'Flags' of size 1 may use index value(s) 1..2047,C:\jenkins\workspace\HSPI\Src\THCBase\IntelTHCBase\x64\Release\Hal.tmh,WPP_RECORDER_SF_DDDD,unowned,C and C++,1595636713037,23021,"https://klocwork-jf7.devtools.intel.com:8105/review/insight-review.html#issuedetails_goto:problemid=124,project=HSPI_Driver,searchquery=",[51]
Not a Problem,125,Critical,1,Existing,ABV.GENERAL,Buffer Overflow - Array Index Out of Bounds,Array 'Flags' of size 1 may use index value(s) 1..2047,C:\jenkins\workspace\HSPI\Src\THCBase\IntelTHCBase\x64\Release\Driver.tmh,WPP_RECORDER_SF_SS,unowned,C and C++,1595636713037,1236,"https://klocwork-jf7.devtools.intel.com:8105/review/insight-review.html#issuedetails_goto:problemid=125,project=HSPI_Driver,searchquery=",[34]
Not a Problem,126,Critical,1,Existing,ABV.GENERAL,Buffer Overflow - Array Index Out of Bounds,Array 'Flags' of size 1 may use index value(s) 1..2047,C:\jenkins\workspace\HSPI\Src\THCBase\IntelTHCBase\x64\Release\Dma.tmh,WPP_RECORDER_SF_dd,unowned,C and C++,1595636713037,13641,"https://klocwork-jf7.devtools.intel.com:8105/review/insight-review.html#issuedetails_goto:problemid=126,project=HSPI_Driver,searchquery=",[20]
Not a Problem,129,Critical,1,Existing,ABV.GENERAL,Buffer Overflow - Array Index Out of Bounds,Array 'Flags' of size 1 may use index value(s) 1..2047,C:\jenkins\workspace\HSPI\Src\THCBase\IntelTHCBase\x64\Release\Utils.tmh,WPP_RECORDER_SF_sd,unowned,C and C++,1595636713037,2703,"https://klocwork-jf7.devtools.intel.com:8105/review/insight-review.html#issuedetails_goto:problemid=129,project=HSPI_Driver,searchquery=",[100]
Not a Problem,130,Critical,1,Existing,ABV.GENERAL,Buffer Overflow - Array Index Out of Bounds,Array 'Flags' of size 1 may use index value(s) 1..2047,C:\jenkins\workspace\HSPI\Src\THCBase\IntelTHCBase\x64\Release\ThcHid.tmh,WPP_RECORDER_SF_dD,unowned,C and C++,1595636713037,9803,"https://klocwork-jf7.devtools.intel.com:8105/review/insight-review.html#issuedetails_goto:problemid=130,project=HSPI_Driver,searchquery=",[80]
Not a Problem,131,Critical,1,Existing,ABV.GENERAL,Buffer Overflow - Array Index Out of Bounds,Array 'Flags' of size 1 may use index value(s) 1..2047,C:\jenkins\workspace\HSPI\Src\THCBase\IntelTHCBase\x64\Release\Utils.tmh,WPP_RECORDER_SF_dd,unowned,C and C++,1595636713037,2539,"https://klocwork-jf7.devtools.intel.com:8105/review/insight-review.html#issuedetails_goto:problemid=131,project=HSPI_Driver,searchquery=",[98]
Not a Problem,132,Critical,1,Existing,ABV.GENERAL,Buffer Overflow - Array Index Out of Bounds,Array 'Flags' of size 1 may use index value(s) 1..2047,C:\jenkins\workspace\HSPI\Src\THCBase\IntelTHCBase\x64\Release\Hal.tmh,WPP_RECORDER_SF_sd,unowned,C and C++,1595636713037,24251,"https://klocwork-jf7.devtools.intel.com:8105/review/insight-review.html#issuedetails_goto:problemid=132,project=HSPI_Driver,searchquery=",[65]
Not a Problem,133,Critical,1,Existing,ABV.GENERAL,Buffer Overflow - Array Index Out of Bounds,Array 'Flags' of size 1 may use index value(s) 1..2047,C:\jenkins\workspace\HSPI\Src\THCBase\IntelTHCBase\x64\Release\Dma.tmh,WPP_RECORDER_SF_Iqd,unowned,C and C++,1595636713037,13395,"https://klocwork-jf7.devtools.intel.com:8105/review/insight-review.html#issuedetails_goto:problemid=133,project=HSPI_Driver,searchquery=",[17]
Not a Problem,135,Critical,1,Existing,ABV.GENERAL,Buffer Overflow - Array Index Out of Bounds,Array 'Flags' of size 1 may use index value(s) 1..2047,C:\jenkins\workspace\HSPI\Src\THCBase\IntelTHCBase\x64\Release\Utils.tmh,WPP_RECORDER_SF_,unowned,C and C++,1595636713037,2211,"https://klocwork-jf7.devtools.intel.com:8105/review/insight-review.html#issuedetails_goto:problemid=135,project=HSPI_Driver,searchquery=",[94]
Not a Problem,136,Critical,1,Existing,ABV.GENERAL,Buffer Overflow - Array Index Out of Bounds,Array 'Flags' of size 1 may use index value(s) 1..2047,C:\jenkins\workspace\HSPI\Src\THCBase\IntelTHCBase\x64\Release\Hal.tmh,WPP_RECORDER_SF_DDD,unowned,C and C++,1595636713037,22939,"https://klocwork-jf7.devtools.intel.com:8105/review/insight-review.html#issuedetails_goto:problemid=136,project=HSPI_Driver,searchquery=",[50]
Not a Problem,137,Critical,1,Existing,ABV.GENERAL,Buffer Overflow - Array Index Out of Bounds,Array 'Flags' of size 1 may use index value(s) 1..2047,C:\jenkins\workspace\HSPI\Src\THCBase\IntelTHCBase\x64\Release\Dma.tmh,WPP_RECORDER_SF_iii,unowned,C and C++,1595636713037,14215,"https://klocwork-jf7.devtools.intel.com:8105/review/insight-review.html#issuedetails_goto:problemid=137,project=HSPI_Driver,searchquery=",[27]
Not a Problem,138,Critical,1,Existing,ABV.GENERAL,Buffer Overflow - Array Index Out of Bounds,Array 'Flags' of size 1 may use index value(s) 1..2047,C:\jenkins\workspace\HSPI\Src\THCBase\IntelTHCBase\x64\Release\Utils.tmh,WPP_RECORDER_SF_S,unowned,C and C++,1595636713037,2375,"https://klocwork-jf7.devtools.intel.com:8105/review/insight-review.html#issuedetails_goto:problemid=138,project=HSPI_Driver,searchquery=",[96]
Not a Problem,139,Critical,1,Existing,ABV.GENERAL,Buffer Overflow - Array Index Out of Bounds,Array 'Flags' of size 1 may use index value(s) 1..2047,C:\jenkins\workspace\HSPI\Src\THCBase\IntelTHCBase\x64\Release\Filter.tmh,WPP_RECORDER_SF_,unowned,C and C++,1595636713037,3339,"https://klocwork-jf7.devtools.intel.com:8105/review/insight-review.html#issuedetails_goto:problemid=139,project=HSPI_Driver,searchquery=",[39]
Not a Problem,140,Critical,1,Existing,ABV.GENERAL,Buffer Overflow - Array Index Out of Bounds,Array 'Flags' of size 1 may use index value(s) 1..2047,C:\jenkins\workspace\HSPI\Src\THCBase\IntelTHCBase\x64\Release\Driver.tmh,WPP_RECORDER_SF_d,unowned,C and C++,1595636713037,1318,"https://klocwork-jf7.devtools.intel.com:8105/review/insight-review.html#issuedetails_goto:problemid=140,project=HSPI_Driver,searchquery=",[35]
Not a Problem,141,Critical,1,Existing,ABV.GENERAL,Buffer Overflow - Array Index Out of Bounds,Array 'Flags' of size 1 may use index value(s) 1..2047,C:\jenkins\workspace\HSPI\Src\THCBase\IntelTHCBase\x64\Release\Hal.tmh,WPP_RECORDER_SF_s,unowned,C and C++,1595636713037,24169,"https://klocwork-jf7.devtools.intel.com:8105/review/insight-review.html#issuedetails_goto:problemid=141,project=HSPI_Driver,searchquery=",[64]
Not a Problem,142,Critical,1,Existing,ABV.GENERAL,Buffer Overflow - Array Index Out of Bounds,Array 'Flags' of size 1 may use index value(s) 1..2047,C:\jenkins\workspace\HSPI\Src\THCBase\IntelTHCBase\x64\Release\Device.tmh,WPP_RECORDER_SF_,unowned,C and C++,1595636713037,10850,"https://klocwork-jf7.devtools.intel.com:8105/review/insight-review.html#issuedetails_goto:problemid=142,project=HSPI_Driver,searchquery=",[2]
Not a Problem,143,Critical,1,Existing,ABV.GENERAL,Buffer Overflow - Array Index Out of Bounds,Array 'Flags' of size 1 may use index value(s) 1..2047,C:\jenkins\workspace\HSPI\Src\THCBase\IntelTHCBase\x64\Release\ThcHid.tmh,WPP_RECORDER_SF_qd,unowned,C and C++,1595636713037,10541,"https://klocwork-jf7.devtools.intel.com:8105/review/insight-review.html#issuedetails_goto:problemid=143,project=HSPI_Driver,searchquery=",[89]
Not a Problem,144,Critical,1,Existing,ABV.GENERAL,Buffer Overflow - Array Index Out of Bounds,Array 'Flags' of size 1 may use index value(s) 1..2047,C:\jenkins\workspace\HSPI\Src\THCBase\IntelTHCBase\x64\Release\Hal.tmh,WPP_RECORDER_SF_dddd,unowned,C and C++,1595636713037,23677,"https://klocwork-jf7.devtools.intel.com:8105/review/insight-review.html#issuedetails_goto:problemid=144,project=HSPI_Driver,searchquery=",[57]
Not a Problem,145,Critical,1,Existing,ABV.GENERAL,Buffer Overflow - Array Index Out of Bounds,Array 'Flags' of size 1 may use index value(s) 1..2047,C:\jenkins\workspace\HSPI\Src\THCBase\IntelTHCBase\x64\Release\Device.tmh,WPP_RECORDER_SF_qd,unowned,C and C++,1595636713037,11424,"https://klocwork-jf7.devtools.intel.com:8105/review/insight-review.html#issuedetails_goto:problemid=145,project=HSPI_Driver,searchquery=",[9]
Not a Problem,146,Critical,1,Existing,ABV.GENERAL,Buffer Overflow - Array Index Out of Bounds,Array 'Flags' of size 1 may use index value(s) 1..2047,C:\jenkins\workspace\HSPI\Src\THCBase\IntelTHCBase\x64\Release\Hal.tmh,WPP_RECORDER_SF_,unowned,C and C++,1595636713037,22693,"https://klocwork-jf7.devtools.intel.com:8105/review/insight-review.html#issuedetails_goto:problemid=146,project=HSPI_Driver,searchquery=",[47]
Not a Problem,147,Critical,1,Existing,ABV.GENERAL,Buffer Overflow - Array Index Out of Bounds,Array 'Flags' of size 1 may use index value(s) 1..2047,C:\jenkins\workspace\HSPI\Src\THCBase\IntelTHCBase\x64\Release\Dma.tmh,WPP_RECORDER_SF_ddd,unowned,C and C++,1595636713037,13805,"https://klocwork-jf7.devtools.intel.com:8105/review/insight-review.html#issuedetails_goto:problemid=147,project=HSPI_Driver,searchquery=",[22]
Not a Problem,148,Critical,1,Existing,ABV.GENERAL,Buffer Overflow - Array Index Out of Bounds,Array 'Flags' of size 1 may use index value(s) 1..2047,C:\jenkins\workspace\HSPI\Src\THCBase\IntelTHCBase\x64\Release\Filter.tmh,WPP_RECORDER_SF_dd,unowned,C and C++,1595636713037,3503,"https://klocwork-jf7.devtools.intel.com:8105/review/insight-review.html#issuedetails_goto:problemid=148,project=HSPI_Driver,searchquery=",[42]
Not a Problem,149,Critical,1,Existing,ABV.GENERAL,Buffer Overflow - Array Index Out of Bounds,Array 'Flags' of size 1 may use index value(s) 1..2047,C:\jenkins\workspace\HSPI\Src\THCBase\IntelTHCBase\x64\Release\Dma.tmh,WPP_RECORDER_SF_d,unowned,C and C++,1595636713037,13477,"https://klocwork-jf7.devtools.intel.com:8105/review/insight-review.html#issuedetails_goto:problemid=149,project=HSPI_Driver,searchquery=",[18]
Not a Problem,150,Critical,1,Existing,ABV.GENERAL,Buffer Overflow - Array Index Out of Bounds,Array 'Flags' of size 1 may use index value(s) 1..2047,C:\jenkins\workspace\HSPI\Src\THCBase\IntelTHCBase\x64\Release\ThcHid.tmh,WPP_RECORDER_SF_,unowned,C and C++,1595636713037,9393,"https://klocwork-jf7.devtools.intel.com:8105/review/insight-review.html#issuedetails_goto:problemid=150,project=HSPI_Driver,searchquery=",[75]
Not a Problem,151,Critical,1,Existing,ABV.GENERAL,Buffer Overflow - Array Index Out of Bounds,Array 'Flags' of size 1 may use index value(s) 1..2047,C:\jenkins\workspace\HSPI\Src\THCBase\IntelTHCBase\x64\Release\Driver.tmh,WPP_RECORDER_SF_,unowned,C and C++,1595636713037,1154,"https://klocwork-jf7.devtools.intel.com:8105/review/insight-review.html#issuedetails_goto:problemid=151,project=HSPI_Driver,searchquery=",[33]
Not a Problem,152,Critical,1,Existing,ABV.GENERAL,Buffer Overflow - Array Index Out of Bounds,Array 'Flags' of size 1 may use index value(s) 1..2047,C:\jenkins\workspace\HSPI\Src\THCBase\IntelTHCBase\x64\Release\Device.tmh,WPP_RECORDER_SF_q,unowned,C and C++,1595636713037,11342,"https://klocwork-jf7.devtools.intel.com:8105/review/insight-review.html#issuedetails_goto:problemid=152,project=HSPI_Driver,searchquery=",[8]
Not a Problem,153,Critical,1,Existing,ABV.GENERAL,Buffer Overflow - Array Index Out of Bounds,Array 'Flags' of size 1 may use index value(s) 1..2047,C:\jenkins\workspace\HSPI\Src\THCBase\IntelTHCBase\x64\Release\ThcHid.tmh,WPP_RECORDER_SF_qq,unowned,C and C++,1595636713037,10705,"https://klocwork-jf7.devtools.intel.com:8105/review/insight-review.html#issuedetails_goto:problemid=153,project=HSPI_Driver,searchquery=",[91]
Not a Problem,154,Critical,1,Existing,ABV.GENERAL,Buffer Overflow - Array Index Out of Bounds,Array 'Flags' of size 1 may use index value(s) 1..2047,C:\jenkins\workspace\HSPI\Src\THCBase\IntelTHCBase\x64\Release\Device.tmh,WPP_RECORDER_SF_dd,unowned,C and C++,1595636713037,11178,"https://klocwork-jf7.devtools.intel.com:8105/review/insight-review.html#issuedetails_goto:problemid=154,project=HSPI_Driver,searchquery=",[6]
Not a Problem,155,Critical,1,Existing,ABV.GENERAL,Buffer Overflow - Array Index Out of Bounds,Array 'Flags' of size 1 may use index value(s) 1..2047,C:\jenkins\workspace\HSPI\Src\THCBase\IntelTHCBase\x64\Release\Dma.tmh,WPP_RECORDER_SF_qq,unowned,C and C++,1595636713037,14543,"https://klocwork-jf7.devtools.intel.com:8105/review/insight-review.html#issuedetails_goto:problemid=155,project=HSPI_Driver,searchquery=",[31]
Not a Problem,156,Critical,1,Existing,ABV.GENERAL,Buffer Overflow - Array Index Out of Bounds,Array 'Flags' of size 1 may use index value(s) 1..2047,C:\jenkins\workspace\HSPI\Src\THCBase\IntelTHCBase\x64\Release\Queue.tmh,WPP_RECORDER_SF_D,unowned,C and C++,1595636713037,4357,"https://klocwork-jf7.devtools.intel.com:8105/review/insight-review.html#issuedetails_goto:problemid=156,project=HSPI_Driver,searchquery=",[67]
Not a Problem,158,Critical,1,Existing,ABV.GENERAL,Buffer Overflow - Array Index Out of Bounds,Array 'Flags' of size 1 may use index value(s) 1..2047,C:\jenkins\workspace\HSPI\Src\THCBase\IntelTHCBase\x64\Release\Dma.tmh,WPP_RECORDER_SF_q,unowned,C and C++,1595636713037,14297,"https://klocwork-jf7.devtools.intel.com:8105/review/insight-review.html#issuedetails_goto:problemid=158,project=HSPI_Driver,searchquery=",[28]
Not a Problem,159,Critical,1,Existing,ABV.GENERAL,Buffer Overflow - Array Index Out of Bounds,Array 'Flags' of size 1 may use index value(s) 1..2047,C:\jenkins\workspace\HSPI\Src\THCBase\IntelTHCBase\x64\Release\ThcHid.tmh,WPP_RECORDER_SF_DDD,unowned,C and C++,1595636713037,9639,"https://klocwork-jf7.devtools.intel.com:8105/review/insight-review.html#issuedetails_goto:problemid=159,project=HSPI_Driver,searchquery=",[78]
Not a Problem,160,Critical,1,Existing,ABV.GENERAL,Buffer Overflow - Array Index Out of Bounds,Array 'Flags' of size 1 may use index value(s) 1..2047,C:\jenkins\workspace\HSPI\Src\THCBase\IntelTHCBase\x64\Release\ThcHid.tmh,WPP_RECORDER_SF_DD,unowned,C and C++,1595636713037,9557,"https://klocwork-jf7.devtools.intel.com:8105/review/insight-review.html#issuedetails_goto:problemid=160,project=HSPI_Driver,searchquery=",[77]
Not a Problem,161,Critical,1,Existing,ABV.GENERAL,Buffer Overflow - Array Index Out of Bounds,Array 'Flags' of size 1 may use index value(s) 1..2047,C:\jenkins\workspace\HSPI\Src\THCBase\IntelTHCBase\x64\Release\Dma.tmh,WPP_RECORDER_SF_dD,unowned,C and C++,1595636713037,13559,"https://klocwork-jf7.devtools.intel.com:8105/review/insight-review.html#issuedetails_goto:problemid=161,project=HSPI_Driver,searchquery=",[19]
Not a Problem,162,Critical,1,Existing,ABV.GENERAL,Buffer Overflow - Array Index Out of Bounds,Array 'Flags' of size 1 may use index value(s) 1..2047,C:\jenkins\workspace\HSPI\Src\THCBase\IntelTHCBase\x64\Release\Dma.tmh,WPP_RECORDER_SF_qd,unowned,C and C++,1595636713037,14379,"https://klocwork-jf7.devtools.intel.com:8105/review/insight-review.html#issuedetails_goto:problemid=162,project=HSPI_Driver,searchquery=",[29]
Not a Problem,163,Critical,1,Existing,ABV.GENERAL,Buffer Overflow - Array Index Out of Bounds,Array 'Flags' of size 1 may use index value(s) 1..2047,C:\jenkins\workspace\HSPI\Src\THCBase\IntelTHCBase\x64\Release\Filter.tmh,WPP_RECORDER_SF_d,unowned,C and C++,1595636713037,3421,"https://klocwork-jf7.devtools.intel.com:8105/review/insight-review.html#issuedetails_goto:problemid=163,project=HSPI_Driver,searchquery=",[41]
Not a Problem,164,Critical,1,Existing,ABV.GENERAL,Buffer Overflow - Array Index Out of Bounds,Array 'Flags' of size 1 may use index value(s) 1..2047,C:\jenkins\workspace\HSPI\Src\THCBase\IntelTHCBase\x64\Release\Dma.tmh,WPP_RECORDER_SF_qid,unowned,C and C++,1595636713037,14461,"https://klocwork-jf7.devtools.intel.com:8105/review/insight-review.html#issuedetails_goto:problemid=164,project=HSPI_Driver,searchquery=",[30]
Not a Problem,165,Critical,1,Existing,ABV.GENERAL,Buffer Overflow - Array Index Out of Bounds,Array 'Flags' of size 1 may use index value(s) 1..2047,C:\jenkins\workspace\HSPI\Src\THCBase\IntelTHCBase\x64\Release\Utils.tmh,WPP_RECORDER_SF_qi,unowned,C and C++,1595636713037,2621,"https://klocwork-jf7.devtools.intel.com:8105/review/insight-review.html#issuedetails_goto:problemid=165,project=HSPI_Driver,searchquery=",[99]
Not a Problem,166,Critical,1,Existing,ABV.GENERAL,Buffer Overflow - Array Index Out of Bounds,Array 'Flags' of size 1 may use index value(s) 1..2047,C:\jenkins\workspace\HSPI\Src\THCBase\IntelTHCBase\x64\Release\Dma.tmh,WPP_RECORDER_SF_ddD,unowned,C and C++,1595636713037,13723,"https://klocwork-jf7.devtools.intel.com:8105/review/insight-review.html#issuedetails_goto:problemid=166,project=HSPI_Driver,searchquery=",[21]
Not a Problem,167,Critical,1,Existing,ABV.GENERAL,Buffer Overflow - Array Index Out of Bounds,Array 'Flags' of size 1 may use index value(s) 1..2047,C:\jenkins\workspace\HSPI\Src\THCBase\IntelTHCBase\x64\Release\Hal.tmh,WPP_RECORDER_SF_ii,unowned,C and C++,1595636713037,23841,"https://klocwork-jf7.devtools.intel.com:8105/review/insight-review.html#issuedetails_goto:problemid=167,project=HSPI_Driver,searchquery=",[60]
Not a Problem,168,Critical,1,Existing,ABV.GENERAL,Buffer Overflow - Array Index Out of Bounds,Array 'Flags' of size 1 may use index value(s) 1..2047,C:\jenkins\workspace\HSPI\Src\THCBase\IntelTHCBase\x64\Release\Dma.tmh,WPP_RECORDER_SF_i,unowned,C and C++,1595636713037,13969,"https://klocwork-jf7.devtools.intel.com:8105/review/insight-review.html#issuedetails_goto:problemid=168,project=HSPI_Driver,searchquery=",[25]
Not a Problem,169,Critical,1,Existing,ABV.GENERAL,Buffer Overflow - Array Index Out of Bounds,Array 'Flags' of size 1 may use index value(s) 1..2047,C:\jenkins\workspace\HSPI\Src\THCBase\IntelTHCBase\x64\Release\ThcHid.tmh,WPP_RECORDER_SF_dqq,unowned,C and C++,1595636713037,10049,"https://klocwork-jf7.devtools.intel.com:8105/review/insight-review.html#issuedetails_goto:problemid=169,project=HSPI_Driver,searchquery=",[83]
Not a Problem,170,Critical,1,Existing,ABV.GENERAL,Buffer Overflow - Array Index Out of Bounds,Array 'Flags' of size 1 may use index value(s) 1..2047,C:\jenkins\workspace\HSPI\Src\THCBase\IntelTHCBase\x64\Release\ThcHid.tmh,WPP_RECORDER_SF_i,unowned,C and C++,1595636713037,10131,"https://klocwork-jf7.devtools.intel.com:8105/review/insight-review.html#issuedetails_goto:problemid=170,project=HSPI_Driver,searchquery=",[84]
Not a Problem,171,Critical,1,Existing,ABV.GENERAL,Buffer Overflow - Array Index Out of Bounds,Array 'Flags' of size 1 may use index value(s) 1..2047,C:\jenkins\workspace\HSPI\Src\THCBase\IntelTHCBase\x64\Release\Dma.tmh,WPP_RECORDER_SF_IiqD,unowned,C and C++,1595636713037,13313,"https://klocwork-jf7.devtools.intel.com:8105/review/insight-review.html#issuedetails_goto:problemid=171,project=HSPI_Driver,searchquery=",[16]
Not a Problem,172,Critical,1,Existing,ABV.GENERAL,Buffer Overflow - Array Index Out of Bounds,Array 'Flags' of size 1 may use index value(s) 1..2047,C:\jenkins\workspace\HSPI\Src\THCBase\IntelTHCBase\x64\Release\Driver.tmh,WPP_RECORDER_SF_s,unowned,C and C++,1595636713037,1400,"https://klocwork-jf7.devtools.intel.com:8105/review/insight-review.html#issuedetails_goto:problemid=172,project=HSPI_Driver,searchquery=",[36]
Not a Problem,173,Critical,1,Existing,ABV.GENERAL,Buffer Overflow - Array Index Out of Bounds,Array 'Flags' of size 1 may use index value(s) 1..2047,C:\jenkins\workspace\HSPI\Src\THCBase\IntelTHCBase\x64\Release\ThcHid.tmh,WPP_RECORDER_SF_q,unowned,C and C++,1595636713037,10459,"https://klocwork-jf7.devtools.intel.com:8105/review/insight-review.html#issuedetails_goto:problemid=173,project=HSPI_Driver,searchquery=",[88]
Not a Problem,174,Critical,1,Existing,ABV.GENERAL,Buffer Overflow - Array Index Out of Bounds,Array 'Flags' of size 1 may use index value(s) 1..2047,C:\jenkins\workspace\HSPI\Src\THCBase\IntelTHCBase\x64\Release\Queue.tmh,WPP_RECORDER_SF_dd,unowned,C and C++,1595636713037,4603,"https://klocwork-jf7.devtools.intel.com:8105/review/insight-review.html#issuedetails_goto:problemid=174,project=HSPI_Driver,searchquery=",[69]
Not a Problem,175,Critical,1,Existing,ABV.GENERAL,Buffer Overflow - Array Index Out of Bounds,Array 'Flags' of size 1 may use index value(s) 1..2047,C:\jenkins\workspace\HSPI\Src\THCBase\IntelTHCBase\x64\Release\Hal.tmh,WPP_RECORDER_SF_dd,unowned,C and C++,1595636713037,23595,"https://klocwork-jf7.devtools.intel.com:8105/review/insight-review.html#issuedetails_goto:problemid=175,project=HSPI_Driver,searchquery=",[56]
Not a Problem,176,Critical,1,Existing,ABV.GENERAL,Buffer Overflow - Array Index Out of Bounds,Array 'Flags' of size 1 may use index value(s) 1..2047,C:\jenkins\workspace\HSPI\Src\THCBase\IntelTHCBase\x64\Release\Queue.tmh,WPP_RECORDER_SF_qdd,unowned,C and C++,1595636713037,4849,"https://klocwork-jf7.devtools.intel.com:8105/review/insight-review.html#issuedetails_goto:problemid=176,project=HSPI_Driver,searchquery=",[71]
Not a Problem,177,Critical,1,Existing,ABV.GENERAL,Buffer Overflow - Array Index Out of Bounds,Array 'Flags' of size 1 may use index value(s) 1..2047,C:\jenkins\workspace\HSPI\Src\THCBase\IntelTHCBase\x64\Release\Queue.tmh,WPP_RECORDER_SF_,unowned,C and C++,1595636713037,4275,"https://klocwork-jf7.devtools.intel.com:8105/review/insight-review.html#issuedetails_goto:problemid=177,project=HSPI_Driver,searchquery=",[66]
Not a Problem,178,Critical,1,Existing,ABV.GENERAL,Buffer Overflow - Array Index Out of Bounds,Array 'Flags' of size 1 may use index value(s) 1..2047,C:\jenkins\workspace\HSPI\Src\THCBase\IntelTHCBase\x64\Release\Queue.tmh,WPP_RECORDER_SF_qqddd,unowned,C and C++,1595636713037,5177,"https://klocwork-jf7.devtools.intel.com:8105/review/insight-review.html#issuedetails_goto:problemid=178,project=HSPI_Driver,searchquery=",[73]
Not a Problem,179,Critical,1,Existing,ABV.GENERAL,Buffer Overflow - Array Index Out of Bounds,Array 'Flags' of size 1 may use index value(s) 1..2047,C:\jenkins\workspace\HSPI\Src\THCBase\IntelTHCBase\x64\Release\Queue.tmh,WPP_RECORDER_SF_qd,unowned,C and C++,1595636713037,4767,"https://klocwork-jf7.devtools.intel.com:8105/review/insight-review.html#issuedetails_goto:problemid=179,project=HSPI_Driver,searchquery=",[70]
Not a Problem,180,Critical,1,Existing,ABV.GENERAL,Buffer Overflow - Array Index Out of Bounds,Array 'Flags' of size 1 may use index value(s) 1..2047,C:\jenkins\workspace\HSPI\Src\THCBase\IntelTHCBase\x64\Release\Filter.tmh,WPP_RECORDER_SF_dq,unowned,C and C++,1595636713037,3585,"https://klocwork-jf7.devtools.intel.com:8105/review/insight-review.html#issuedetails_goto:problemid=180,project=HSPI_Driver,searchquery=",[43]
Not a Problem,181,Critical,1,Existing,ABV.GENERAL,Buffer Overflow - Array Index Out of Bounds,Array 'Flags' of size 1 may use index value(s) 1..2047,C:\jenkins\workspace\HSPI\Src\THCBase\IntelTHCBase\x64\Release\Hal.tmh,WPP_RECORDER_SF_D,unowned,C and C++,1595636713037,22775,"https://klocwork-jf7.devtools.intel.com:8105/review/insight-review.html#issuedetails_goto:problemid=181,project=HSPI_Driver,searchquery=",[48]
Not a Problem,182,Critical,1,Existing,ABV.GENERAL,Buffer Overflow - Array Index Out of Bounds,Array 'Flags' of size 1 may use index value(s) 1..2047,C:\jenkins\workspace\HSPI\Src\THCBase\IntelTHCBase\x64\Release\Device.tmh,WPP_RECORDER_SF_i,unowned,C and C++,1595636713037,11260,"https://klocwork-jf7.devtools.intel.com:8105/review/insight-review.html#issuedetails_goto:problemid=182,project=HSPI_Driver,searchquery=",[7]
Not a Problem,183,Critical,1,Existing,ABV.GENERAL,Buffer Overflow - Array Index Out of Bounds,Array 'Flags' of size 1 may use index value(s) 1..2047,C:\jenkins\workspace\HSPI\Src\THCBase\IntelTHCBase\x64\Release\ThcHid.tmh,WPP_RECORDER_SF_l,unowned,C and C++,1595636713037,10377,"https://klocwork-jf7.devtools.intel.com:8105/review/insight-review.html#issuedetails_goto:problemid=183,project=HSPI_Driver,searchquery=",[87]
Not a Problem,184,Critical,1,Existing,ABV.GENERAL,Buffer Overflow - Array Index Out of Bounds,Array 'Flags' of size 1 may use index value(s) 1..2047,C:\jenkins\workspace\HSPI\Src\THCBase\IntelTHCBase\x64\Release\Dma.tmh,WPP_RECORDER_SF_I,unowned,C and C++,1595636713037,13149,"https://klocwork-jf7.devtools.intel.com:8105/review/insight-review.html#issuedetails_goto:problemid=184,project=HSPI_Driver,searchquery=",[15]
Not a Problem,185,Critical,1,Existing,ABV.GENERAL,Buffer Overflow - Array Index Out of Bounds,Array 'Flags' of size 1 may use index value(s) 1..2047,C:\jenkins\workspace\HSPI\Src\THCBase\IntelTHCBase\x64\Release\Hal.tmh,WPP_RECORDER_SF_q,unowned,C and C++,1595636713037,24087,"https://klocwork-jf7.devtools.intel.com:8105/review/insight-review.html#issuedetails_goto:problemid=185,project=HSPI_Driver,searchquery=",[62]
Not a Problem,186,Critical,1,Existing,ABV.GENERAL,Buffer Overflow - Array Index Out of Bounds,Array 'Flags' of size 1 may use index value(s) 1..2047,C:\jenkins\workspace\HSPI\Src\THCBase\IntelTHCBase\x64\Release\Filter.tmh,WPP_RECORDER_SF_q,unowned,C and C++,1595636713037,3667,"https://klocwork-jf7.devtools.intel.com:8105/review/insight-review.html#issuedetails_goto:problemid=186,project=HSPI_Driver,searchquery=",[44]
Not a Problem,187,Critical,1,Existing,ABV.GENERAL,Buffer Overflow - Array Index Out of Bounds,Array 'Flags' of size 1 may use index value(s) 1..2047,C:\jenkins\workspace\HSPI\Src\THCBase\IntelTHCBase\x64\Release\Dma.tmh,WPP_RECORDER_SF_DD,unowned,C and C++,1595636713037,12985,"https://klocwork-jf7.devtools.intel.com:8105/review/insight-review.html#issuedetails_goto:problemid=187,project=HSPI_Driver,searchquery=",[14]
Not a Problem,188,Critical,1,Existing,ABV.GENERAL,Buffer Overflow - Array Index Out of Bounds,Array 'Flags' of size 1 may use index value(s) 1..2047,C:\jenkins\workspace\HSPI\Src\THCBase\IntelTHCBase\x64\Release\Filter.tmh,WPP_RECORDER_SF_sd,unowned,C and C++,1595636713037,3831,"https://klocwork-jf7.devtools.intel.com:8105/review/insight-review.html#issuedetails_goto:problemid=188,project=HSPI_Driver,searchquery=",[46]
Not a Problem,189,Critical,1,Existing,ABV.GENERAL,Buffer Overflow - Array Index Out of Bounds,Array 'Flags' of size 1 may use index value(s) 1..2047,C:\jenkins\workspace\HSPI\Src\THCBase\IntelTHCBase\x64\Release\Hal.tmh,WPP_RECORDER_SF_DD,unowned,C and C++,1595636713037,22857,"https://klocwork-jf7.devtools.intel.com:8105/review/insight-review.html#issuedetails_goto:problemid=189,project=HSPI_Driver,searchquery=",[49]
Not a Problem,190,Critical,1,Existing,ABV.GENERAL,Buffer Overflow - Array Index Out of Bounds,Array 'Flags' of size 1 may use index value(s) 1..2047,C:\jenkins\workspace\HSPI\Src\THCBase\IntelTHCBase\x64\Release\Dma.tmh,WPP_RECORDER_SF_D,unowned,C and C++,1595636713037,12903,"https://klocwork-jf7.devtools.intel.com:8105/review/insight-review.html#issuedetails_goto:problemid=190,project=HSPI_Driver,searchquery=",[13]
Not a Problem,191,Critical,1,Existing,ABV.GENERAL,Buffer Overflow - Array Index Out of Bounds,Array 'Flags' of size 1 may use index value(s) 1..2047,C:\jenkins\workspace\HSPI\Src\THCBase\IntelTHCBase\x64\Release\Dma.tmh,WPP_RECORDER_SF_sd,unowned,C and C++,1595636713037,14625,"https://klocwork-jf7.devtools.intel.com:8105/review/insight-review.html#issuedetails_goto:problemid=191,project=HSPI_Driver,searchquery=",[32]
Not a Problem,192,Critical,1,Existing,ABV.GENERAL,Buffer Overflow - Array Index Out of Bounds,Array 'Flags' of size 1 may use index value(s) 1..2047,C:\jenkins\workspace\HSPI\Src\THCBase\IntelTHCBase\x64\Release\ThcHid.tmh,WPP_RECORDER_SF_sd,unowned,C and C++,1595636713037,10869,"https://klocwork-jf7.devtools.intel.com:8105/review/insight-review.html#issuedetails_goto:problemid=192,project=HSPI_Driver,searchquery=",[93]
Not a Problem,193,Critical,1,Existing,ABV.GENERAL,Buffer Overflow - Array Index Out of Bounds,Array 'Flags' of size 1 may use index value(s) 1..2047,C:\jenkins\workspace\HSPI\Src\THCBase\IntelTHCBase\x64\Release\Device.tmh,WPP_RECORDER_SF_S,unowned,C and C++,1595636713037,11014,"https://klocwork-jf7.devtools.intel.com:8105/review/insight-review.html#issuedetails_goto:problemid=193,project=HSPI_Driver,searchquery=",[4]
Not a Problem,194,Critical,1,Existing,ABV.GENERAL,Buffer Overflow - Array Index Out of Bounds,Array 'Flags' of size 1 may use index value(s) 1..2047,C:\jenkins\workspace\HSPI\Src\THCBase\IntelTHCBase\x64\Release\Hal.tmh,WPP_RECORDER_SF_IDDD,unowned,C and C++,1595636713037,23267,"https://klocwork-jf7.devtools.intel.com:8105/review/insight-review.html#issuedetails_goto:problemid=194,project=HSPI_Driver,searchquery=",[53]
Not a Problem,195,Critical,1,Existing,ABV.GENERAL,Buffer Overflow - Array Index Out of Bounds,Array 'Flags' of size 1 may use index value(s) 1..2047,C:\jenkins\workspace\HSPI\Src\THCBase\IntelTHCBase\x64\Release\ThcHid.tmh,WPP_RECORDER_SF_d,unowned,C and C++,1595636713037,9721,"https://klocwork-jf7.devtools.intel.com:8105/review/insight-review.html#issuedetails_goto:problemid=195,project=HSPI_Driver,searchquery=",[79]
Not a Problem,196,Critical,1,Existing,ABV.GENERAL,Buffer Overflow - Array Index Out of Bounds,Array 'Flags' of size 1 may use index value(s) 1..2047,C:\jenkins\workspace\HSPI\Src\THCBase\IntelTHCBase\x64\Release\Queue.tmh,WPP_RECORDER_SF_qqd,unowned,C and C++,1595636713037,5095,"https://klocwork-jf7.devtools.intel.com:8105/review/insight-review.html#issuedetails_goto:problemid=196,project=HSPI_Driver,searchquery=",[72]
Not a Problem,197,Critical,1,Existing,ABV.GENERAL,Buffer Overflow - Array Index Out of Bounds,Array 'Flags' of size 1 may use index value(s) 1..2047,C:\jenkins\workspace\HSPI\Src\THCBase\IntelTHCBase\x64\Release\Hal.tmh,WPP_RECORDER_SF_Ld,unowned,C and C++,1595636713037,23349,"https://klocwork-jf7.devtools.intel.com:8105/review/insight-review.html#issuedetails_goto:problemid=197,project=HSPI_Driver,searchquery=",[54]
Not a Problem,200,Critical,1,Existing,ABV.GENERAL,Buffer Overflow - Array Index Out of Bounds,Array 'Flags' of size 1 may use index value(s) 1..2047,C:\jenkins\workspace\HSPI\Src\THCBase\IntelTHCBase\x64\Release\ThcHid.tmh,WPP_RECORDER_SF_dd,unowned,C and C++,1595636713037,9885,"https://klocwork-jf7.devtools.intel.com:8105/review/insight-review.html#issuedetails_goto:problemid=200,project=HSPI_Driver,searchquery=",[81]
Not a Problem,204,Critical,1,Existing,ABV.GENERAL,Buffer Overflow - Array Index Out of Bounds,Array 'Flags' of size 1 may use index value(s) 1..2047,C:\jenkins\workspace\HSPI\Src\THCBase\IntelTHCBase\x64\Release\Dma.tmh,WPP_RECORDER_SF_dii,unowned,C and C++,1597682104774,13887,"https://klocwork-jf7.devtools.intel.com:8105/review/insight-review.html#issuedetails_goto:problemid=204,project=HSPI_Driver,searchquery=",[202]
Not a Problem,205,Critical,1,Existing,ABV.GENERAL,Buffer Overflow - Array Index Out of Bounds,Array 'Flags' of size 1 may use index value(s) 1..2047,C:\jenkins\workspace\HSPI\Src\THCBase\IntelTHCBase\x64\Release\Dma.tmh,WPP_RECORDER_SF_id,unowned,C and C++,1597682104774,14051,"https://klocwork-jf7.devtools.intel.com:8105/review/insight-review.html#issuedetails_goto:problemid=205,project=HSPI_Driver,searchquery=",[203]
Not a Problem,206,Critical,1,Existing,ABV.GENERAL,Buffer Overflow - Array Index Out of Bounds,Array 'Flags' of size 1 may use index value(s) 1..2047,C:\jenkins\workspace\HSPI\Src\THCBase\IntelTHCBase\x64\Release\Dma.tmh,WPP_RECORDER_SF_DDD,unowned,C and C++,1597682104774,13067,"https://klocwork-jf7.devtools.intel.com:8105/review/insight-review.html#issuedetails_goto:problemid=206,project=HSPI_Driver,searchquery=",[201]
Not a Problem,224,Critical,1,Existing,ABV.GENERAL,Buffer Overflow - Array Index Out of Bounds,Array 'Flags' of size 1 may use index value(s) 1..2047,C:\jenkins\workspace\HSPI\Src\THCBase\IntelTHCBase\x64\Release\Queue.tmh,WPP_RECORDER_SF_qq,unowned,C and C++,1636455493787,5013,"https://klocwork-jf7.devtools.intel.com:8105/review/insight-review.html#issuedetails_goto:problemid=224,project=HSPI_Driver,searchquery=",[215]
Not a Problem,225,Critical,1,Existing,ABV.GENERAL,Buffer Overflow - Array Index Out of Bounds,Array 'Flags' of size 1 may use index value(s) 1..2047,C:\jenkins\workspace\HSPI\Src\THCBase\IntelTHCBase\x64\Release\Acpi.tmh,WPP_RECORDER_SF_dD,unowned,C and C++,1636455493787,1647,"https://klocwork-jf7.devtools.intel.com:8105/review/insight-review.html#issuedetails_goto:problemid=225,project=HSPI_Driver,searchquery=",[218]
Not a Problem,226,Critical,1,Existing,ABV.GENERAL,Buffer Overflow - Array Index Out of Bounds,Array 'Flags' of size 1 may use index value(s) 1..2047,C:\jenkins\workspace\HSPI\Src\THCBase\IntelTHCBase\x64\Release\Queue.tmh,WPP_RECORDER_SF_qid,unowned,C and C++,1636455493787,4931,"https://klocwork-jf7.devtools.intel.com:8105/review/insight-review.html#issuedetails_goto:problemid=226,project=HSPI_Driver,searchquery=",[214]
Not a Problem,227,Critical,1,Existing,ABV.GENERAL,Buffer Overflow - Array Index Out of Bounds,Array 'Flags' of size 1 may use index value(s) 1..2047,C:\jenkins\workspace\HSPI\Src\THCBase\IntelTHCBase\x64\Release\Acpi.tmh,WPP_RECORDER_SF_sD,unowned,C and C++,1636455493787,1975,"https://klocwork-jf7.devtools.intel.com:8105/review/insight-review.html#issuedetails_goto:problemid=227,project=HSPI_Driver,searchquery=",[222]
Not a Problem,228,Critical,1,Existing,ABV.GENERAL,Buffer Overflow - Array Index Out of Bounds,Array 'Flags' of size 1 may use index value(s) 1..2047,C:\jenkins\workspace\HSPI\Src\THCBase\IntelTHCBase\x64\Release\Acpi.tmh,WPP_RECORDER_SF_s,unowned,C and C++,1636455493787,1893,"https://klocwork-jf7.devtools.intel.com:8105/review/insight-review.html#issuedetails_goto:problemid=228,project=HSPI_Driver,searchquery=",[221]
Not a Problem,229,Critical,1,Existing,ABV.GENERAL,Buffer Overflow - Array Index Out of Bounds,Array 'Flags' of size 1 may use index value(s) 1..2047,C:\jenkins\workspace\HSPI\Src\THCBase\IntelTHCBase\x64\Release\Device.tmh,WPP_RECORDER_SF_qid,unowned,C and C++,1636455493787,11506,"https://klocwork-jf7.devtools.intel.com:8105/review/insight-review.html#issuedetails_goto:problemid=229,project=HSPI_Driver,searchquery=",[211]
Not a Problem,231,Critical,1,Existing,ABV.GENERAL,Buffer Overflow - Array Index Out of Bounds,Array 'Flags' of size 1 may use index value(s) 1..2047,C:\jenkins\workspace\HSPI\Src\THCBase\IntelTHCBase\x64\Release\Acpi.tmh,WPP_RECORDER_SF_,unowned,C and C++,1636455493787,1483,"https://klocwork-jf7.devtools.intel.com:8105/review/insight-review.html#issuedetails_goto:problemid=231,project=HSPI_Driver,searchquery=",[216]
Not a Problem,232,Critical,1,Existing,ABV.GENERAL,Buffer Overflow - Array Index Out of Bounds,Array 'Flags' of size 1 may use index value(s) 1..2047,C:\jenkins\workspace\HSPI\Src\THCBase\IntelTHCBase\x64\Release\Queue.tmh,WPP_RECORDER_SF_dddi,unowned,C and C++,1636455493787,4685,"https://klocwork-jf7.devtools.intel.com:8105/review/insight-review.html#issuedetails_goto:problemid=232,project=HSPI_Driver,searchquery=",[213]
Not a Problem,233,Critical,1,Existing,ABV.GENERAL,Buffer Overflow - Array Index Out of Bounds,Array 'Flags' of size 1 may use index value(s) 1..2047,C:\jenkins\workspace\HSPI\Src\THCBase\IntelTHCBase\x64\Release\Acpi.tmh,WPP_RECORDER_SF_i,unowned,C and C++,1636455493787,1729,"https://klocwork-jf7.devtools.intel.com:8105/review/insight-review.html#issuedetails_goto:problemid=233,project=HSPI_Driver,searchquery=",[219]
Not a Problem,234,Critical,1,Existing,ABV.GENERAL,Buffer Overflow - Array Index Out of Bounds,Array 'Flags' of size 1 may use index value(s) 1..2047,C:\jenkins\workspace\HSPI\Src\THCBase\IntelTHCBase\x64\Release\Queue.tmh,WPP_RECORDER_SF_dD,unowned,C and C++,1636455493787,4521,"https://klocwork-jf7.devtools.intel.com:8105/review/insight-review.html#issuedetails_goto:problemid=234,project=HSPI_Driver,searchquery=",[212]
Not a Problem,235,Critical,1,Existing,ABV.GENERAL,Buffer Overflow - Array Index Out of Bounds,Array 'Flags' of size 1 may use index value(s) 1..2047,C:\jenkins\workspace\HSPI\Src\THCBase\IntelTHCBase\x64\Release\Acpi.tmh,WPP_RECORDER_SF_qPd,unowned,C and C++,1636455493787,1811,"https://klocwork-jf7.devtools.intel.com:8105/review/insight-review.html#issuedetails_goto:problemid=235,project=HSPI_Driver,searchquery=",[220]
Not a Problem,236,Critical,1,Existing,ABV.GENERAL,Buffer Overflow - Array Index Out of Bounds,Array 'Flags' of size 1 may use index value(s) 1..2047,C:\jenkins\workspace\HSPI\Src\THCBase\IntelTHCBase\x64\Release\Acpi.tmh,WPP_RECORDER_SF_D,unowned,C and C++,1636455493787,1565,"https://klocwork-jf7.devtools.intel.com:8105/review/insight-review.html#issuedetails_goto:problemid=236,project=HSPI_Driver,searchquery=",[217]
Not a Problem,238,Critical,1,Existing,ABV.GENERAL,Buffer Overflow - Array Index Out of Bounds,Array 'Flags' of size 1 may use index value(s) 1..2047,C:\jenkins\workspace\HSPI\Src\THCBase\IntelTHCBase\x64\Release\Hal.tmh,WPP_RECORDER_SF_l,unowned,C and C++,1637289796256,24005,"https://klocwork-jf7.devtools.intel.com:8105/review/insight-review.html#issuedetails_goto:problemid=238,project=HSPI_Driver,searchquery=",[237]
